[
  {
    "id": "BRSR-COMP-001",
    "name": "Fair Labor Practices 1",
    "description": "This compliance requirement ensures adherence to fair labor practices as outlined in BRSR standards.",
    "category": "Labor Practices 1",
    "status": true,
    "questionnaire": [
      {
        "id": 1,
        "description": "This questionnaire is designed to assess a business's compliance with the Business Social Responsibility (BSRS) requirements.",
        "questionnaire_text": "BRSR Compliance Question Set 1",
        "parent_questionnaire_id": null,
        "icon": "image_url",
        "is_multitype": false,
        "mandatory": true,
        "child_questionnaire": [
          {
            "questionnaire_id": 2,
            "parent_questionnaire_id": 1,
            "questionnaire_text": "Scope 1 and questions related to this is the Q1",
            "description": "In today's fast-paced...",
            "is_multitype": true,
            "child_questionnaire": [
              {
                "questionnaire_id": 20,
                "parent_questionnaire_id": 2,
                "questionnaire_text": "Dataset 1",
                "description": "desc",
                "questions": [
                  {
                    "question_id": 10,
                    "question_text": "Column 1",
                    "operator_id": 50,
                    "data_type": "text",
                    "placeholder": "Placeholder text",
                    "mandatory": true,
                    "verification_required": true,
                    "questionnaire_id": 20,
                    "operator": {
                      "operator_name": "summation",
                      "num_arguments": "999",
                      "operator_arguments": "arg1, arg2, arg3",
                      "return_type": "boolean"
                    }
                  },
                  {
                    "question_id": 11,
                    "question_text": "Column 2",
                    "operator_id": 70,
                    "data_type": "boolean",
                    "placeholder": "Placeholder text",
                    "mandatory": true,
                    "verification_required": true,
                    "questionnaire_id": 20
                  },
                  {
                    "question_id": 12,
                    "question_text": "Column 3",
                    "operator_id": 22,
                    "data_type": "number",
                    "placeholder": "Placeholder text",
                    "mandatory": false,
                    "verification_required": true,
                    "questionnaire_id": 20
                  }
                ]
              }
            ]
          },
          {
            "questionnaire_id": 2,
            "parent_questionnaire_id": 1,
            "questionnaire_text": "Scope 2 and questions related to this is the Q1",
            "description": "In today's fast-paced...",
            "is_multitype": true,
            "child_questionnaire": [
              {
                "questionnaire_id": 20,
                "parent_questionnaire_id": 2,
                "questionnaire_text": "Dataset 1",
                "description": "desc",
                "questions": [
                  {
                    "question_id": 10,
                    "question_text": "Column 1",
                    "operator_id": 50,
                    "data_type": "text",
                    "placeholder": "Placeholder text",
                    "mandatory": true,
                    "verification_required": true,
                    "questionnaire_id": 20,
                    "operator": {
                      "operator_name": "summation",
                      "num_arguments": "999",
                      "operator_arguments": "arg1, arg2, arg3",
                      "return_type": "boolean"
                    }
                  },
                  {
                    "question_id": 11,
                    "question_text": "Column 2",
                    "operator_id": 70,
                    "data_type": "boolean",
                    "placeholder": "Placeholder text",
                    "mandat ory": true,
                    "verification_required": true,
                    "questionnaire_id": 20
                  },
                  {
                    "question_id": 12,
                    "question_text": "Column 3",
                    "operator_id": 22,
                    "data_type": "number",
                    "placeholder": "Placeholder text",
                    "mandatory": true,
                    "verification_required": true,
                    "questionnaire_id": 20
                  }
                ]
              }
            ]
          }
        ]
      },
      {
        "id": 2,
        "description": "This questionnaire is designed to assess a business's compliance with the Business Social Responsibility (BSRS) requirements.",
        "questionnaire_text": "BRSR Compliance Question Set 2",
        "parent_questionnaire_id": null,
        "icon": "image_url",
        "is_multitype": false,
        "mandatory": true,
        "child_questionnaire": [
          {
            "questionnaire_id": 2,
            "parent_questionnaire_id": 1,
            "questionnaire_text": "Scope 1 and questions related to this is the Q1",
            "description": "In today's fast-paced...",
            "is_multitype": true,
            "child_questionnaire": [
              {
                "questionnaire_id": 20,
                "parent_questionnaire_id": 2,
                "questionnaire_text": "Dataset 3",
                "description": "desc",
                "questions": [
                  {
                    "question_id": 10,
                    "question_text": "Column 1",
                    "operator_id": 50,
                    "data_type": "text",
                    "placeholder": "Placeholder text",
                    "mandatory": true,
                    "verification_required": true,
                    "questionnaire_id": 20,
                    "operator": {
                      "operator_name": "summation",
                      "num_arguments": "999",
                      "operator_arguments": "arg1, arg2, arg3",
                      "return_type": "boolean"
                    }
                  },
                  {
                    "question_id": 11,
                    "question_text": "Column 2",
                    "operator_id": 70,
                    "data_type": "boolean",
                    "placeholder": "Placeholder text",
                    "mandatory": true,
                    "verification_required": true,
                    "questionnaire_id": 20
                  },
                  {
                    "question_id": 12,
                    "question_text": "Column 3",
                    "operator_id": 22,
                    "data_type": "number",
                    "placeholder": "Placeholder text",
                    "mandatory": true,
                    "verification_required": true,
                    "questionnaire_id": 20
                  }
                ]
              },
              {
                "questionnaire_id": 21,
                "parent_questionnaire_id": 2,
                "questionnaire_text": "Dataset 4",
                "description": "desc",
                "questions": [
                  {
                    "question_id": 10,
                    "question_text": "Column 1",
                    "operator_id": 50,
                    "data_type": "text",
                    "placeholder": "Placeholder text",
                    "mandatory": true,
                    "verification_required": true,
                    "questionnaire_id": 21,
                    "operator": {
                      "operator_name": "summation",
                      "num_arguments": "999",
                      "operator_arguments": "arg1, arg2, arg3",
                      "return_type": "boolean"
                    }
                  },
                  {
                    "question_id": 11,
                    "question_text": "Column 2",
                    "operator_id": 70,
                    "data_type": "boolean",
                    "placeholder": "Placeholder text",
                    "mandatory": true,
                    "verification_required": true,
                    "questionnaire_id": 21
                  },
                  {
                    "question_id": 12,
                    "question_text": "Column 3",
                    "operator_id": 22,
                    "data_type": "number",
                    "placeholder": "Placeholder text",
                    "mandatory": true,
                    "verification_required": true,
                    "questionnaire_id": 21
                  }
                ]
              }
            ]
          }
        ]
      }
    ]
   },
   {
    "id": "BRSR-COMP-002",
    "name": "Fair Labor Practices 2",
    "description": "This compliance requirement ensures adherence to fair labor practices as outlined in BRSR standards.",
    "category": "Labor Practices 2",
    "status": true,
    "questionnaire": [
      {
        "id": 1,
        "description": "This questionnaire is designed to assess a business's compliance with the Business Social Responsibility (BSRS) requirements.",
        "questionnaire_text": "BRSR Compliance Question Set 1",
        "parent_questionnaire_id": null,
        "icon": "image_url",
        "is_multitype": false,
        "mandatory": true,
        "child_questionnaire": [
          {
            "questionnaire_id": 2,
            "parent_questionnaire_id": 1,
            "questionnaire_text": "Scope 1 and questions related to this is the Q1",
            "description": "In today's fast-paced...",
            "is_multitype": true,
            "child_questionnaire": [
              {
                "questionnaire_id": 20,
                "parent_questionnaire_id": 2,
                "questionnaire_text": "Dataset 12",
                "description": "desc",
                "questions": [
                  {
                    "question_id": 10,
                    "question_text": "Column 1",
                    "operator_id": 50,
                    "data_type": "textarea",
                    "placeholder": "Placeholder text",
                    "mandatory": true,
                    "verification_required": true,
                    "questionnaire_id": 20,
                    "operator": {
                      "operator_name": "summation",
                      "num_arguments": "999",
                      "operator_arguments": "arg1, arg2, arg3",
                      "return_type": "boolean"
                    }
                  }
                  
                ]
              }
            ]
          }
        ]
      }
    ]
   }
]